 [
{
  "id":"0",
  "name":"嘉兴银行清算中心"
},
 {
  "id":"1",
  "name":"浙江三门银座村镇银行"
},
 {
  "id":"2",
  "name":"珠海华润银行清算中心"
},
 {
  "id":"3",
  "name":"中国工商银行"
},
 {
  "id":"4",
  "name":"中国农业银行"
},
 {
  "id":"5",
  "name":"中国银行"
},
 {
  "id":"6",
  "name":"广东南粤银行股份有限公司"
},
 {
  "id":"7",
  "name":"长安银行"
},
 {
  "id":"8",
  "name":"吉林农村信用社"
},
 {
  "id":"9",
  "name":"山东省农联社"
},
 {
  "id":"10",
  "name":"友利银行"
},
 {
  "id":"11",
  "name":"中国建设银行"
},
 {
  "id":"12",
  "name":"交通银行"
},
 {
  "id":"13",
  "name":"中信银行"
},
 {
  "id":"14",
  "name":"中国光大银行"
},
 {
  "id":"15",
  "name":"华夏银行"
},
 {
  "id":"16",
  "name":"中国民生银行"
},
 {
  "id":"17",
  "name":"广发银行股份有限公司"
},
 {
  "id":"18",
  "name":"平安银行（原深圳发展银行）"
},
 {
  "id":"19",
  "name":"招商银行"
},
 {
  "id":"20",
  "name":"兴业银行"
},
 {
  "id":"21",
  "name":"北京银行"
},
 {
  "id":"22",
  "name":"天津银行"
},
 {
  "id":"23",
  "name":"广州银行"
},
 {
  "id":"24",
  "name":"东莞银行"
},
 {
  "id":"25",
  "name":"广州农村商业银行"
},
 {
  "id":"26",
  "name":"顺德农村商业银行"
},
 {
  "id":"27",
  "name":"天津农商银行"
},
 {
  "id":"28",
  "name":"渤海银行"
},
 {
  "id":"29",
  "name":"北京农村商业银行"
},
 {
  "id":"30",
  "name":"深圳农商行"
},
 {
  "id":"31",
  "name":"东莞农村商业银行"
},
 {
  "id":"32",
  "name":"中国邮政储蓄银行"
},
 {
  "id":"33",
  "name":"新韩银行中国"
},
 {
  "id":"34",
  "name":"韩亚银行"
},
 {
  "id":"35",
  "name":"南昌银行"
},
 {
  "id":"36",
  "name":"上海浦东发展银行"
},
 {
  "id":"37",
  "name":"宁波银行"
},
 {
  "id":"38",
  "name":"厦门银行"
},
 {
  "id":"39",
  "name":"鞍山市商业银行"
},
 {
  "id":"40",
  "name":"安徽省农村信用社联合社"
},
 {
  "id":"41",
  "name":"锦州银行"
},
 {
  "id":"42",
  "name":"青岛银行"
},
 {
  "id":"43",
  "name":"上饶银行"
},
 {
	"id":"44",
  "name":"齐商银行"
},
 {
  "id":"45",
  "name":"鄞州银行"
},
 {
  "id":"46",
  "name":"湖州银行"
},
 {
  "id":"47",
  "name":"威海市商业银行"
},
 {
  "id":"48",
  "name":"日照银行"
},
 {
  "id":"49",
  "name":"烟台银行"
},
 {
  "id":"50",
  "name":"张家港农村商业银行"
},
 {
  "id":"51",
  "name":"莱商银行"
},
 {
  "id":"52",
  "name":"杭州银行"
},
 {
  "id":"53",
  "name":"泰安市商业银行"
},
 {
  "id":"54",
  "name":"广西北部湾银行"
},
 {
  "id":"55",
  "name":"东营市商业银行"
},
 {
  "id":"56",
  "name":"济宁银行"
},
 {
  "id":"57",
  "name":"长沙银行"
},
 {
  "id":"58",
  "name":"昆山农村商业银行"
},
 {
  "id":"59",
  "name":"浙江稠州商业银行"
},
 {
  "id":"60",
  "name":"浙商银行"
},
 {
  "id":"61",
  "name":"温州银行"
},
 {
  "id":"62",
  "name":"大连银行"
},
 {
  "id":"63",
  "name":"上海银行"
},
 {
  "id":"64",
  "name":"浙江泰隆商业银行"
},
 {
  "id":"65",
  "name":"临商银行"
},
 {
  "id":"66",
  "name":"葫芦岛银行"
},
 {
  "id":"67",
  "name":"福建海峡银行"
},
 {
  "id":"68",
  "name":"乌鲁木齐市商业银行"
},
 {
  "id":"69",
  "name":"鄂尔多斯银行"
},
 {
  "id":"70",
  "name":"昆仑银行"
},
 {
  "id":"71",
  "name":"柳州银行"
},
 {
  "id":"72",
  "name":"漯河市商业银行"
},
 {
  "id":"73",
  "name":"吉林银行"
},
 {
  "id":"74",
  "name":"攀枝花市商业银行"
},
 {
  "id":"75",
  "name":"汉口银行"
},
 {
  "id":"76",
  "name":"阜新银行结算中心"
},
 {
  "id":"77",
  "name":"龙江银行"
},
 {
  "id":"78",
  "name":"邯郸市商业银行"
},
 {
  "id":"79",
  "name":"江苏省农村信用社联合社"
},
 {
  "id":"80",
  "name":"沧州银行"
},
 {
  "id":"81",
  "name":"福建省农村信用社"
},
 {
  "id":"82",
  "name":"哈尔滨银行结算中心"
},
 {
  "id":"83",
  "name":"晋城银行"
},
 {
  "id":"84",
  "name":"企业银行"
},
 {
  "id":"85",
  "name":"绵阳市商业银行"
},
 {
  "id":"86",
  "name":"吴江农村商业银行"
},
 {
  "id":"87",
  "name":"包商银行股份有限公司"
},
 {
  "id":"88",
  "name":"河北银行股份有限公司"
},
 {
  "id":"89",
  "name":"徽商银行"
},
 {
  "id":"90",
  "name":"常熟农村商业银行"
},
 {
  "id":"91",
  "name":"青海银行"
},
 {
  "id":"92",
  "name":"黄河农村商业银行"
},
 {
  "id":"93",
  "name":"重庆农村商业银行"
},
 {
  "id":"94",
  "name":"重庆银行股份有限公司"
},
 {
  "id":"95",
  "name":"湖北农信"
},
 {
  "id":"96",
  "name":"内蒙古银行"
},
 {
  "id":"97",
  "name":"恒丰银行"
},
 {
  "id":"98",
  "name":"晋商银行网上银行"
},
 {
  "id":"99",
  "name":"南京银行"
},
 {
  "id":"100",
  "name":"德州银行"
},
 {
  "id":"101",
  "name":"兰州银行股份有限公司"
},
 {
  "id":"102",
  "name":"南阳银行股份有限公司"
},
 {
  "id":"103",
  "name":"开封市商业银行"
},
 {
  "id":"104",
  "name":"德阳银行"
},
 {
  "id":"105",
  "name":"浙江民泰商业银行"
},
 {
  "id":"106",
  "name":"洛阳银行"
},
 {
  "id":"107",
  "name":"绍兴银行"
},
 {
  "id":"108",
  "name":"潍坊银行"
},
 {
  "id":"109",
  "name":"营口银行"
},
 {
  "id":"110",
  "name":"商丘市商业银行"
},
 {
  "id":"111",
  "name":"张家口市商业银行"
},
 {
  "id":"112",
  "name":"江苏银行股份有限公司"
},
 {
  "id":"113",
  "name":"宁夏银行"
},
 {
  "id":"114",
  "name":"郑州银行"
},
 {
  "id":"115",
  "name":"海南省农村信用社"
},
 {
  "id":"116",
  "name":"富滇银行"
},
 {
  "id":"117",
  "name":"贵阳银行"
},
 {
  "id":"118",
  "name":"赣州银行"
},
 {
  "id":"119",
  "name":"广西农村信用社（合作银行）"
},
 {
  "id":"120",
  "name":"台州银行"
},
 {
  "id":"121",
  "name":"承德银行"
},
 {
  "id":"122",
  "name":"云南省农村信用社"
},
 {
  "id":"123",
  "name":"邢台银行"
},
 {
  "id":"124",
  "name":"苏州银行"
},
 {
  "id":"125",
  "name":"自贡市商业银行清算中心"
},
 {
  "id":"126",
  "name":"桂林银行股份有限公司"
},
 {
  "id":"127",
  "name":"齐鲁银行"
},
 {
  "id":"128",
  "name":"广东华兴银行"
},
 {
  "id":"129",
  "name":"重庆黔江银座村镇银行"
},
 {
  "id":"130",
  "name":"重庆渝北银座村镇银行"
},
 {
  "id":"131",
  "name":"江西赣州银座村镇银行"
},
 {
  "id":"132",
  "name":"深圳福田银座村镇银行"
},
 {
  "id":"133",
  "name":"北京顺义银座村镇银行"
},
 {
  "id":"134",
  "name":"浙江景宁银座村镇银行"
},
 {
  "id":"135",
  "name":"江苏长江商行"
},
 {
  "id":"136",
  "name":"太仓农商行"
},
 {
  "id":"137",
  "name":"西安银行"
},
 {
  "id":"138",
  "name":"海口联合农村商业银行"
},
 {
  "id":"139",
  "name":"枣庄银行"
},
 {
  "id":"140",
  "name":"九江银行股份有限公司"
},
 {
  "id":"141",
  "name":"上海农商银行"
},
 {
  "id":"142",
  "name":"浙江省农村信用社"
},
 {
  "id":"143",
  "name":"廊坊银行"
},
 {
  "id":"144",
  "name":"泉州银行"
},
 {
  "id":"145",
  "name":"成都银行"
},
 {
  "id":"146",
  "name":"南充市商业银行"
},
 {
  "id":"147",
  "name":"江阴农商银行"
},
 {
  "id":"148",
  "name":"东亚银行（中国）有限公司"
  }
]